"","Control","Treat"
"1",-0.422930356855119,12.0533678935697
"2",4.20200062798738,17.8558620878812
"3",-2.31741386093996,-12.26725187379
"4",-2.7541750224019,8.51733467821487
"5",3.68020216052646,4.92651438328143
"6",-0.539407007534091,10.3737979884833
"7",-0.851445749108851,5.35561363146726
"8",-5.44165855934772,-16.0104640172065
"9",-15.0552583788399,-26.3080698283154
"10",-2.96587166400624,3.13988659819897
"11",-3.79896898151035,-3.61686779307892
"12",1.46024931830346,17.8183874449107
"13",2.10699297289543,1.19983045504485
"14",-6.47244540500446,-11.0841698981718
"15",0.346425444317245,13.6871717280682
"16",-4.06519238636023,8.40740223510992
"17",7.55426536178925,11.7513419356968
"18",-1.35804439979948,10.5362755853257
"19",7.79126964310684,14.0707507129041
"20",-1.18674935052271,-14.1046272637388
"21",6.41561441126468,-4.43107512829169
"22",-0.0474481791096651,-11.9389386549903
"23",-2.00041390829618,5.76450099884138
"24",0.109928119106045,-2.78837593414002
"25",8.71383690598895,14.9441547499859
"26",-5.53587079653015,-13.7520774257319
"27",-5.30244741244907,-14.8691738997689
"28",9.7558065967881,13.8504435098933
"29",3.01353371303552,-11.4474781461712
"30",-10.1030474041769,-17.7730430997476
"31",7.53337771437771,18.1319830044499
"32",4.81855544584791,-10.3852311205875
"33",-7.76945706105463,-19.0427012998085
"34",-3.86821189361858,9.48786058526057
"35",6.30388977762877,-1.87547719641809
"36",2.14227889440529,9.57280491288003
"37",4.22291768478101,-11.1534269580015
"38",-3.49575276060977,-12.1261347549099
"39",-0.324311382919332,-12.6599431512911
"40",2.35491822711779,17.9755338745469
"41",1.81750310842381,12.5071824193333
"42",-3.07277954587589,10.5321575105151
"43",1.1447464522148,-4.34714758781366
"44",-1.31028416871947,-0.473595091187693
"45",3.06277995346011,-3.91162438779274
"46",-9.78806246312354,4.87736403806381
"47",-3.31753735732319,11.714233792381
"48",1.41893757718588,15.5863684485674
"49",1.34358981724455,0.0184134793911668
"50",-3.20052370244184,4.90416765371474
"51",5.39975633257934,-13.5673900829421
"52",-1.82573170409416,4.56129029627872
"53",2.94682694750728,-8.21431762420069
"54",-0.480479735157394,-9.68799469345621
"55",4.85753877639019,-2.78088620007167
"56",2.89234472358454,-6.7200984544118
"57",-3.88586751718538,-12.4433033857769
"58",-3.00421057799434,-18.2079971444297
"59",-7.49659704588098,-12.6790674870975
"60",3.77081712300584,-5.59760762767284
"61",2.78647162562871,-5.29495677929214
"62",0.474385728867232,-16.4591443435613
"63",-8.90720708329217,7.28321538381146
"64",-5.5439620667803,6.50149575303003
"65",-1.33723891108373,5.3580292560269
"66",-5.38326542191333,11.3240684166795
"67",-2.4557585760634,-10.5371869809842
"68",8.19598994427302,-2.5201800261774
"69",1.98388506433084,-11.9862874655507
"70",-7.99036696516935,-0.586646813902323
"71",-7.33845087571917,2.68279805086858
"72",5.20068943738435,-7.3390703505882
"73",3.91415495566576,-11.0933248331565
"74",-2.38548210270363,-11.6117677240115
"75",0.470123197176609,-8.51104075389682
"76",2.99489677573923,-9.35781541427804
"77",-14.4864898437676,-22.5289342301117
"78",2.91848346066227,6.21353807433633
"79",11.8804168418137,15.2140171101868
"80",-3.23131030363657,0.427310047738466
"81",1.21534489350908,-8.00702306446609
"82",-3.94746604803494,7.49578716710033
"83",-5.4684971599402,-17.7310004386309
"84",10.223036824752,25.9086967112046
"85",-8.40666835150246,-15.4868539577904
"86",6.07641565644752,9.96156525429598
"87",-0.478617583954433,8.73225715283532
"88",-4.75697232831997,-15.3710116406014
"89",3.00632745817021,12.4989866081062
"90",-15.0726361895624,-27.9905141027786
"91",3.84742301649263,-6.86874695395779
"92",7.84470999323016,2.17121077205155
"93",-2.51358387891339,7.98704602138924
"94",-3.08944110185698,-5.85415343397392
"95",-6.75715990054478,6.09591773622973
"96",3.84543954077567,1.09307110923484
"97",1.6473455870388,15.3389378828234
"98",-0.220728284798036,-13.2660360162114
"99",-3.18618640488255,5.30440982795788
"100",-0.346413691724931,-8.04525714396139
"101",1.48425638982477,-4.93754813310617
"102",-9.50286795496316,-15.66335632263
"103",-8.23682817670276,-22.251454256542
"104",-8.89202714236227,-1.45128511687784
"105",0.174717024993291,11.2987459769086
"106",-2.47273220064601,13.3176843720151
"107",3.03772463390604,12.1598784753534
"108",-1.82182423551078,-11.0481098568187
"109",0.839671714977066,13.3082910309349
"110",2.8331133336498,14.4693112361903
"111",-0.778402867308184,11.7147464378851
"112",-4.18992043519781,-13.3940541519578
"113",2.73507234847652,15.7054275546438
"114",-5.44019328543154,-12.598310608205
"115",7.259035790267,-3.60737222375438
"116",6.93487768285685,12.5419374297939
"117",1.30044008275435,-5.58919066785461
"118",7.2181297124315,-4.67336076344915
"119",-5.95620641043907,-10.2259415191557
"120",-1.49194678156132,-8.86850494352694
"121",-5.72204720668269,5.03069039602206
"122",-8.60767659113225,-22.6437019249092
"123",-1.84842763702112,-15.4037270765635
"124",9.11037755513302,11.4616033734013
"125",2.38794901861259,-0.0136330680142138
"126",0.702742626882723,13.4355552214801
"127",-8.63012226713846,-17.9855559496934
"128",1.38265828324949,15.5054379174308
"129",-6.81379838814287,-17.3826038460016
"130",4.17711903458635,-6.00861156297089
"131",11.128116153872,4.38508708684293
"132",0.861334809121592,-6.15258765934656
"133",-7.50296392029682,-14.8385912420788
"134",-6.73308678910697,3.75868373894496
"135",-12.0054114387788,-8.63315432810985
"136",3.96760203036886,-10.0684233034081
"137",2.21945665440897,-12.5265895154086
"138",2.5191304798653,9.43698586761777
"139",7.14042326913077,24.4560532240496
"140",-9.16043469590765,-17.0120389371648
"141",6.71391401142838,-2.39808895795159
"142",12.194721685126,3.16443318406181
"143",3.38468056180923,12.7152344236346
"144",-9.84490312950002,-19.828278237845
"145",0.401907111314743,10.0386639990603
"146",-3.52384615400199,3.87987399726503
"147",2.98626159902064,15.6184305113345
"148",3.97889816766204,12.1151653842793
"149",-5.15418036059626,-11.8502384712364
"150",-2.0976341484008,-9.7393221631345
"151",0.800455669048643,8.80843121183406
"152",-2.82240165052261,-4.73314151077025
"153",1.13753271321971,14.0298295381508
"154",1.28539441926715,9.84426259529431
"155",-1.68850400055778,-7.37395384251336
"156",1.52286231519027,19.151391165512
"157",3.62218543447694,-12.3224484160374
"158",-3.42586652198173,-19.7569016255487
"159",3.30742951769624,-17.7979932674327
"160",8.62709809978049,21.3447085125919
"161",1.60672851381229,6.77328632567893
"162",2.88157945687241,10.5654930943138
"163",-7.04996088259544,-16.0559378162687
"164",-4.97751033062315,13.9406702601504
"165",7.8014947317156,17.1492849412335
"166",1.01796998453864,-7.61955878475789
"167",-1.93817397864472,6.3863136413733
"168",4.59807416504451,12.4785333583512
"169",-1.89869463123351,8.46781315423477
"170",3.72122625486221,-2.70611231606632
"171",-5.91591049093131,-1.38909363158926
"172",1.3820953232853,-5.98767529760188
"173",-1.78108860332544,5.57245940963435
"174",4.9386193199124,14.3856691567429
"175",-1.33616824357535,18.0210518062464
"176",2.4001364490436,12.9007663493462
"177",3.83711370680579,18.5093834259856
"178",4.69721043321867,13.4718304951557
"179",-5.26606295457108,7.19407046974711
"180",5.06808887160895,-6.32183149279774
"181",-6.27086617724163,-15.8173981161974
"182",-1.90291816261563,3.61281679313869
"183",1.04544414765321,-8.25462295720053
"184",-0.623780885682738,-4.80619336196917
"185",10.9318896555731,14.2654899239462
"186",0.410116190580114,7.50604382164915
"187",10.560510232704,23.5308654388712
"188",5.1717135147721,-2.96958905546435
"189",-0.990866033936442,4.07035222788659
"190",-5.19614789260073,-12.3702643492482
"191",-0.668320501777013,-11.5150100413334
"192",-2.91018095600837,7.88250829163683
"193",-4.51505613010083,-16.8113618781827
"194",-4.00915873866987,10.6562677625175
"195",6.60410336597217,-0.716915279146379
"196",5.1958982477164,12.8619042558947
"197",2.79055518018901,-2.94198856644415
"198",-6.64343572903001,1.33430121432563
"199",-9.62278394456444,-10.9879277302768
"200",0.113477036597098,-20.9919457485318
"201",-2.90744206317027,9.8253705314271
"202",-1.12075813332096,-5.90794719818022
"203",5.99217094666286,22.1825934137665
"204",-6.79289356166159,4.02077510352683
"205",-0.100356944455882,13.4355566355648
"206",4.45066717520433,-6.26550279524608
"207",-0.13929451535498,-14.175319849132
"208",-4.39669327869841,5.57484595625955
"209",3.82661021134855,16.1375110947388
"210",-4.8879427461113,2.02991264164117
"211",2.65152473557201,15.8064028925568
"212",4.67452988030188,0.105759701944019
"213",1.73094141769257,-15.562755448535
"214",-3.66790422565873,-13.885336306145
"215",3.55221602981197,-9.4930917016014
"216",-1.61354022106517,11.2494787010743
"217",-1.80319269485241,14.4210197636168
"218",0.775766475828766,13.2300614420614
"219",-6.95453072504037,-18.0217176703475
"220",6.86597005845919,11.9593811958776
"221",-4.32574842610138,-15.8301408873641
"222",-6.51254424107403,6.31212408698295
"223",4.46710380236221,0.777574872124787
"224",-4.40188330644183,1.11385164931249
"225",-2.08309723089848,-15.6552451137638
"226",-0.203145796703025,-9.74967773565877
"227",0.717948273484244,19.6361288642578
"228",0.487556919502792,-5.89504881564405
"229",0.832148436539809,-10.1294799947615
"230",7.38155551699339,-1.89853844989352
"231",-7.73004766745324,-28.8964773697877
"232",6.8546351784576,-2.35287977984122
"233",-1.53438478999132,5.94735551573915
"234",-0.890748192288041,-13.6365499605008
"235",4.20432776989467,9.78083087675504
"236",-3.51927331674545,4.96710747345288
"237",-1.90174267386392,13.1300284758403
"238",-3.06423726601806,2.16808094877585
"239",-4.23805049098446,-18.9840966608021
"240",7.25628736905069,0.397119236600452
"241",-5.20219407355818,4.88727912595344
"242",0.123295650483323,-2.64141668163362
"243",4.3110016544402,16.787299904865
"244",3.541434050129,19.1620496975581
"245",-3.1828404902695,0.0246968390840054
"246",4.54375997608369,11.8322188286217
"247",-2.91366224474871,11.5520700904934
"248",0.405488741265571,-11.2819187224667
"249",-0.218227452173972,14.4471990490134
"250",1.37693070690761,13.4065725539509
"251",5.17383379864124,17.6464284201114
"252",-2.22006677337495,-10.8575955426715
"253",-6.71194700033731,-18.231812970203
"254",-0.816898187374249,-3.92037330800031
"255",-1.2459935180457,4.86381534920739
"256",3.31235370661487,12.8242067742602
"257",3.21985378937458,14.8586236146588
"258",-4.25963980892798,-2.35765052135641
"259",-3.62362685606218,2.84497738084051
"260",-0.690077787384059,-0.843949912650967
"261",-1.72853654866129,4.71784294444704
"262",2.03940915144849,-0.712959280092353
"263",-2.71191796985404,2.38149316756434
"264",-11.1699013904867,1.02084415661619
"265",6.58810067371229,17.1999188860628
"266",2.10941963903193,-3.81489366382174
"267",-3.71259494401198,8.33286287579835
"268",1.23274194196544,13.6514471974467
"269",-2.67382943678847,2.93323031014855
"270",-6.8777196699065,3.57956797124411
"271",-2.05391920914223,9.07010974277311
"272",5.3605467225037,15.3466016418587
"273",4.72096728786858,16.6152872729938
"274",-3.30297453430065,-28.7413198485733
"275",2.31612608922144,-13.7828251069955
"276",-4.16748603678442,5.10782842664871
"277",-8.28054415971843,1.28637243371148
"278",-1.21473509172705,7.30163628353805
"279",-3.67414656830365,-12.9004321896116
"280",1.44025034000572,-4.44831663252616
"281",-12.5993260079524,-13.7125008324312
"282",2.7962035869258,13.9202325388411
"283",-1.85387558850118,-4.91384424019695
"284",-1.23175315374276,4.3838682396564
"285",-5.34266788924327,-20.1632059142757
"286",0.944298168668046,-4.16138791054401
"287",-3.50050522929032,-17.0714770009631
"288",-0.274359392411634,-8.5732224346598
"289",0.0236203608820981,-8.11768220935434
"290",2.56872146798494,8.93369376769935
"291",-1.16041401513551,11.2582912403458
"292",-2.51901690338275,12.4722230857543
"293",4.65573514931788,16.2919330518584
"294",4.33341442105985,-3.46745119817169
"295",-8.0753833424958,-15.8863661712563
"296",-2.07427375647698,-13.8215983979022
"297",1.4793971445064,9.2231634096387
"298",-2.5070695860752,-6.57460026250646
"299",0.841981823960807,11.8231004254795
"300",-7.42252547902153,1.28189350278248
"301",-4.67582368058024,-9.64326331612483
"302",-6.59161632614836,-22.6905675223653
"303",-4.2176132266131,8.65794510546084
"304",-0.901185319953153,10.3861622596281
"305",-7.3675859692763,2.98701110584724
"306",1.48427555123794,8.51892520255141
"307",2.4180316273914,6.26410361482134
"308",0.342332295472161,7.00778583963962
"309",1.44416073027399,14.336457555205
"310",6.57390687816586,18.9959798546096
"311",-1.47786343608899,-9.11628841255085
"312",-0.322892179099064,-18.3015479165258
"313",3.88141095242039,-5.90685689610695
"314",-5.39805310166844,3.94973710784945
"315",2.96074603907059,-13.1382051571464
"316",1.63381332095288,6.65573942951491
"317",-11.4792805363461,8.26709422098223
"318",-2.01464359360653,-21.5625953919051
"319",5.62951724392572,-6.12930889508076
"320",5.31546368717015,-12.6631920502566
"321",-5.78196674072805,-15.9271203352149
"322",-4.77335502840054,9.22036745819262
"323",-3.21178441436335,2.44581064044088
"324",-0.648457545471213,12.8186855987906
"325",1.47914585347934,-3.88010772037451
"326",4.12449759009215,-7.42464831167036
"327",-5.74415625007625,-18.85374041644
"328",7.92786970381287,-4.58461545049136
"329",-0.664230464224981,-10.8724153783839
"330",-0.5944986556365,4.1799916568841
"331",0.597133475119159,4.7942100490267
"332",0.967470461865719,-14.2447628112733
"333",7.34736220314878,12.1995014579858
"334",-10.8019891389737,-19.5546898512271
"335",11.5484557276079,-5.265135736569
"336",4.92293285988363,12.3636748853681
"337",7.55386826787691,1.920439615482
"338",-0.222538768807845,-10.4307236829667
"339",-5.76740507459885,-13.4374007701695
"340",11.4707156881143,23.892788664558
"341",2.69335699290306,-10.7977251950802
"342",-0.731787307517181,-5.30055748587504
"343",-4.89609308955897,-15.5101324018404
"344",-9.15586415803135,4.20708878436641
"345",9.35017999098688,15.4641900041307
"346",-7.51510195854441,2.96470355415011
"347",11.5915927116685,8.75745731331599
"348",-6.28141105791245,-19.8999476965672
"349",-4.69251756506769,-13.980724600941
"350",-2.63390019281995,-15.8512827014791
"351",-8.66639026415504,-20.5678491465789
"352",-5.39364190156864,-22.6873387677962
"353",-1.84869785789047,6.30628160190631
"354",7.0931207085104,-1.76487344565151
"355",-4.80257691429381,4.14923232135528
"356",2.22286298470889,-8.0011984297106
"357",4.60115713364103,6.5031464212126
"358",1.24207988174684,11.0433624672284
"359",-1.29058888506761,-13.6011818974852
"360",11.5030657553638,19.2468320204961
"361",0.312676138194736,-7.8286264320417
"362",1.15556982200191,16.5757620733485
"363",7.58804250450904,12.7945624227305
"364",-2.49371446900163,7.55065259350954
"365",0.0212642451448225,-9.48316306279764
"366",1.79758152230678,-10.0649640257839
"367",10.4148294521665,21.3116989154954
"368",-7.04017040957137,4.57782687744886
"369",6.08925247160054,-5.41957382904337
"370",3.60895569420242,17.1309653574115
"371",-1.00823258923074,-9.9625407982995
"372",0.476841533820652,-8.55563836293454
"373",-10.163136397886,-0.737281508377905
"374",-8.87885792515608,-18.0467881693424
"375",0.330129424287732,-15.5696768410464
"376",-6.12051995914829,1.9481893078282
"377",7.89227283607474,19.0163017879901
"378",-1.02284002874177,-11.7390099991922
"379",2.06662714557028,20.3940363635738
"380",-1.77772187503703,6.53776316543484
"381",7.89094972625504,-6.04574982263836
"382",-5.46445305416004,3.31016700777696
"383",-3.8308084590368,-8.93649453824886
"384",-12.2040496066017,-29.3573650646367
"385",-3.33937489313175,-10.0354330037718
"386",-4.38896212965491,6.24974598794465
"387",-1.24743711771883,-1.40130924298574
"388",-4.57271902826181,-4.11027152954189
"389",0.404378992797335,12.4074022279495
"390",-0.414422398680096,3.08551715825287
"391",-2.0321439450777,4.8195683012241
"392",3.49503572409778,5.95979379754839
"393",2.3622335134845,-3.31126570769411
"394",4.90977517698281,11.2254393435776
"395",-7.22744733526816,-15.7745140694126
"396",0.0825220723478005,-6.80710867826116
"397",-0.955809144549188,-5.52457932290705
"398",3.03075277912638,-6.26931432572736
"399",5.5529593004075,-3.67332632090042
"400",-0.145548950103592,6.93839108343104
"401",-1.46169103896936,5.62224899456527
"402",7.39345964226877,14.5015947539991
"403",3.65884535187384,9.26590509881085
"404",-5.99494887309022,7.69664342269435
"405",7.57885789883181,-5.97914375310789
"406",-1.84105897476675,-11.1964926573217
"407",-3.05766456609482,4.75335749080538
"408",-4.97036193303785,8.86387821962147
"409",1.11922514694105,-12.8369065095437
"410",6.22303098299829,18.8714114008663
"411",-10.7333252557568,-3.44057992170906
"412",2.63290232638214,-4.68975626507763
"413",-0.662964189179375,0.619395045840605
"414",-1.81653598315009,-13.0542681153118
"415",-4.4520376990941,-14.0451295105153
"416",-2.7208236549113,7.26523126444366
"417",-2.30268663846548,4.21009211656123
"418",-0.990522405362905,-13.3011154177805
"419",-0.269936567482744,7.02280876656503
"420",0.335681620445118,-5.62663526785634
"421",6.85310574968303,-3.29204784480383
"422",-8.56307771948349,3.90951690198666
"423",-7.70385920367791,1.71128086305349
"424",7.14278427080783,-6.55818024570954
"425",-5.98149248600128,-5.09838909679296
"426",4.40151692833205,17.8166462376896
"427",-8.41041219651759,-22.0289488351723
"428",8.49442247920753,-2.11702905669326
"429",-0.774808046189153,3.42226852771838
"430",-6.37000484199214,6.73236457479267
"431",-2.90972739367348,-12.7786092185025
"432",-2.153303400249,3.55094796063196
"433",1.52223497114632,-5.17981923383863
"434",1.67630849825883,-1.22199555498723
"435",-11.4212910981737,-0.614056154828852
"436",-4.39476790772505,8.46825101441444
"437",4.90529603881661,12.5713020469949
"438",3.71357799560761,-10.3224473381694
"439",0.502837927290218,11.6378218990143
"440",0.845101040722206,-4.76495093805686
"441",1.7165327615448,-16.262122975882
"442",5.15958160122849,-11.7739484712
"443",8.07903816723426,14.1847964294395
"444",-10.2971769732982,9.10520298307851
"445",3.55730614496019,-4.95283658111019
"446",-0.98754919837037,-7.69178017328517
"447",-7.79991360601739,-8.89067188452823
"448",1.96016924002623,-11.1650916862268
"449",-0.522160093405037,10.3190073273213
"450",-1.51992976750644,-9.8390368266896
"451",-1.85732116762031,10.6152734538498
"452",6.4440447471936,0.952150707165138
"453",0.841620799435756,9.01026568703158
"454",3.96757004421601,13.439863706409
"455",-7.18326906044082,-5.14602015304529
"456",-14.0460138023716,-4.07447456741365
"457",1.22775597596412,11.9836161979464
"458",-2.13775986651849,-16.8771213541789
"459",1.63936214538807,9.51982133869474
"460",1.22175090861652,-6.57911471061502
"461",4.70121819187983,16.0859490078246
"462",-0.684626111775139,-12.9119997525396
"463",-9.27121719597815,-17.0720828152097
"464",8.21869225772434,-4.943537912364
"465",-0.715117528966117,-3.04757356989176
"466",-2.62095828896677,10.0112106233471
"467",3.94659077235998,-7.12059617294712
"468",4.80720486794518,10.3229398236995
"469",6.46754456906746,-4.14649474321398
"470",-6.78022969519594,-0.549911851199022
"471",-4.25995363604887,-16.3803217396761
"472",-5.51455865370821,-15.8457663638058
"473",4.21457389077342,14.2006288101284
"474",-2.02437217833815,8.78286276500671
"475",1.72315170294495,-4.29384519044402
"476",0.579463639283021,7.67539127035205
"477",0.113384041339303,-8.97479243804376
"478",9.05193824538334,20.0189884372978
"479",0.924702493857961,-5.88282658717644
"480",-2.13950374655983,14.5375787429404
"481",5.07415040401945,22.1129885075342
"482",-4.16087772114486,4.86009700349936
"483",-7.36392559976353,1.42116380829168
"484",2.26866694343001,14.917047361298
"485",3.31563548761625,-12.6289983628981
"486",-3.57694735562258,-9.11622087310348
"487",10.1038218649798,24.3326418501259
"488",9.61245945050848,-0.343850533545844
"489",-2.68956821232236,10.2807869938449
"490",-5.60530526976686,-15.1720317570867
"491",-3.75981072530787,0.4825940558768
"492",-2.02796074930651,-13.1612029528576
"493",-0.871679797239643,15.375566453459
"494",4.98648957956775,11.056093380344
"495",2.5380613470517,-0.565413773574357
"496",-4.84764402563662,-11.5705448601302
"497",1.06800651608567,8.87902857298587
"498",-3.11905706386921,-11.1670993833711
"499",1.6514035796066,-11.8842248071815
"500",-6.50443320532167,2.70644153146809
"501",-2.24569905626194,7.10209115325595
"502",0.117447489805409,13.0554356370701
"503",1.64304405261423,-10.3205650998394
"504",-3.29259234784634,-15.8821852550852
"505",-3.46950593782486,0.0102934374716144
"506",-5.10057402270886,7.23686040631623
"507",-5.50294206579232,-4.619838676584
"508",-8.09060831935191,-1.66294149366001
"509",10.7339987899806,16.8002054257826
"510",-3.58917943807254,5.92238789925109
"511",4.49134601708643,-9.06395342245596
"512",-5.7503598359269,-11.1096134097808
"513",-5.20349685288861,1.88445618326458
"514",-0.314580668146926,16.3927531704459
"515",6.8886557457254,-6.71005074677942
"516",3.11596020957764,12.4117915956878
"517",-3.47659253160127,7.52293045312746
"518",1.73680030132091,11.032631687431
"519",-8.30467431786565,2.60238707981298
"520",6.12705036367491,-4.68088130803955
"521",5.24556362302564,22.9028373395312
"522",0.352125922062722,-10.069540521614
"523",1.70585995598865,5.55193194341859
"524",-2.28473409871829,10.0527003303068
"525",1.8120649937293,9.16561300668909
"526",2.15444897471916,-11.0077811953692
"527",-16.4096587084702,-25.1509457653297
"528",0.397957412061055,7.41383338017979
"529",1.41694564599853,14.5889118897331
"530",-5.69000293771823,8.14423721494109
"531",2.79167402808748,11.2116430084022
"532",7.27391853889397,-7.5079390482063
"533",4.59985131714888,14.2366082048944
"534",-12.2930742615115,4.28561651531663
"535",6.78745806111266,-6.47616145253619
"536",-3.66563981612443,1.85009513962989
"537",1.92407966794201,-9.6250662338205
"538",4.63865158542612,-2.61185976607036
"539",-6.19694742656134,-0.964629211767424
"540",8.68277116178081,-4.06933919761686
"541",2.34664040234728,-4.9038709491492
"542",1.35472232378574,4.83452169908222
"543",-3.34731888282157,-13.8360859624004
"544",2.73219642523574,-3.48461222976571
"545",1.47688748896923,12.748397189586
"546",-5.6940614481312,1.61869119713467
"547",6.45113101729033,-6.30097934210734
"548",-11.1492187510216,-25.0859182999151
"549",6.42151239300389,7.70387162802387
"550",-7.06594007254701,-19.0313083849777
"551",-3.49210453315884,-13.235636125122
"552",4.11625048692765,12.0844492171356
"553",-5.73744613139101,-14.307041890235
"554",0.149349775939574,15.5695420272862
"555",-0.259356374122378,1.64263291344919
"556",-1.4535038157857,13.8701183294625
"557",-0.31094450021651,8.82279623442708
"558",-5.35864216101654,12.0988412306877
"559",-5.84195508317362,0.792673567931245
"560",-0.982719922937909,11.9876352832293
"561",-6.16283004747376,6.31346820295104
"562",8.37912909881646,18.5184391851797
"563",0.74909285170788,9.76992843683833
"564",5.52523491330801,11.3354494208713
"565",-0.831297824413277,-12.9853786217882
"566",-8.11633616680247,-21.9151952878431
"567",2.72043401266932,-1.46053283483953
"568",2.16011650951749,19.6048571671981
"569",-8.6897895265182,-16.4228011210215
"570",6.64908694959393,20.8561051430997
"571",-4.12881264848569,-5.03597516633628
"572",-3.73910825611374,-9.53422606616454
"573",-10.6676897636695,-23.351002891932
"574",1.81319560545939,-7.87928374417084
"575",-1.18746150564753,-5.75623168400539
"576",-4.56296222912812,4.35361790572439
"577",-2.7318634447628,-11.363288879649
"578",0.892391598199559,6.00452532695058
"579",-4.95969038243854,-14.5616102356638
"580",-4.30714911348404,-12.4690013851485
"581",2.27834455917174,-4.48148133894069
"582",-10.2957784041605,-18.3544724804475
"583",0.819914504375132,-8.47744206503394
"584",3.94198142101698,13.3571214877484
"585",-5.46888722039362,1.88466079256617
"586",-2.69035449862675,4.00491366848388
"587",-1.12164715908044,-0.659199660360524
"588",7.33667107203795,-5.68442812384906
"589",-8.03028393407507,-16.0889780103621
"590",-2.74209851527871,-1.0915505159409
"591",-5.62594612401753,4.10184926404135
"592",1.88714981063388,13.5051470976541
"593",-1.79236765668746,-11.5080261845908
"594",0.127462318995071,9.04404245384759
"595",-4.18289540802975,1.88670839274648
"596",1.72164954991176,15.3660450784883
"597",6.31384331983777,3.45656200236426
"598",1.64124394856774,16.6013895847425
"599",-0.19232750967704,-9.63384440601717
"600",2.76427165308548,-8.67414520496689
"601",4.440986407729,-3.87812065145415
"602",1.46354860163523,13.5090064214456
"603",1.58417822418742,-7.50399825519565
"604",-10.1212650817538,1.92419273805648
"605",-4.57650238628284,7.84557059016095
"606",-1.71520604621037,-16.461252216028
"607",-3.09152268729449,16.7045913851065
"608",9.84586655462628,16.529051767506
"609",6.41173331825159,14.902329551092
"610",6.09000178516614,13.2497393702081
"611",-6.38512579051062,-13.5343820103225
"612",10.4155133319893,23.5178827487741
"613",-3.29079341170034,8.34797641358387
"614",-1.71911541718696,-0.284485867052876
"615",3.72115915339691,8.84839327778193
"616",-6.61165886166849,-16.4062027620801
"617",1.95690016940672,3.99414907680225
"618",-0.474430763760912,-10.2967743718326
"619",5.66327624106762,-7.90679700371224
"620",2.33120684674245,-7.36127250288778
"621",3.52638275565309,-2.34259660300659
"622",-6.73225615842572,-12.6208231309576
"623",8.03087714180645,-5.98276575906974
"624",14.8901777414562,19.6646680539768
"625",4.44640399472283,20.1320638811754
"626",-1.82061140190659,-12.2081655676041
"627",0.273095532982312,0.991463521033131
"628",-2.94687585345435,1.14776105965087
"629",0.251128679558385,-4.36059581360891
"630",13.0879142137464,-0.948111120030585
"631",3.13574109818003,-5.01130317347202
"632",-4.13613729125612,-13.2101430116855
"633",2.52030129069177,-6.77662349370662
"634",-1.97294756191501,8.19027799913571
"635",1.7896902947476,-13.2436225006967
"636",-0.576881935589714,-8.79308856479151
"637",3.40267074057677,13.9960186363541
"638",1.88925949138907,11.7565769731759
"639",1.93130814621222,11.4791208705069
"640",2.74776529102539,-2.52541891553566
"641",3.06660067687516,-11.9667121185691
"642",-3.97856900055619,-13.2754937849546
"643",-7.45406991042274,1.97178497908534
"644",-3.8495130648019,9.43629106504017
"645",8.12723745621787,10.5919955296685
"646",4.51833424599002,-1.51656134390709
"647",-4.69119853504897,14.6189508044431
"648",-4.31664374113052,0.519282973111105
"649",-0.0602717251846965,-14.4754943745143
"650",-5.09034745428068,6.24195333427762
"651",-6.52435723810814,-19.2701590063209
"652",-4.53921237515849,3.61704600762647
"653",0.226232773857237,7.31017280739187
"654",7.95880819583627,0.677947878351043
"655",0.732466138128492,-14.006895349532
"656",-2.31646302768091,-14.4949768493586
"657",1.18330977924693,7.57033177961981
"658",3.32105199528292,-6.31625121626494
"659",3.14997550791275,-7.07729310162602
"660",-1.09920762661469,12.6124302606345
"661",0.00728202357729278,-14.1616107331987
"662",-2.25254153662991,-14.5234167392241
"663",-2.0904854034357,4.6657962903616
"664",1.6914678648881,8.85915241524635
"665",-1.96591407942911,-11.6583934290593
"666",-1.77230973136245,2.98889176233187
"667",-6.03336148140101,1.86518247335213
"668",-2.06110226630581,-12.2883708758446
"669",1.93314174668278,8.37952123979111
"670",-3.09909421910205,13.6257002555168
"671",5.40604496423921,-10.794699680633
"672",-8.39454480687473,-18.1890887072863
"673",-7.20345266398815,-19.3931311534562
"674",-7.11491107681261,1.35220823979305
"675",-5.69190236026691,7.17111656187258
"676",-7.80008732660496,-0.960795654876713
"677",-2.34129652256398,-18.2859303730783
"678",2.33678392483943,-10.8805985838198
"679",-0.73458817852776,-9.80859389895717
"680",8.12291071341357,1.04272510712562
"681",2.12022704724109,-6.94599805729719
"682",-2.80444432418446,7.83426379341509
"683",-1.14915887538222,-7.58555632355246
"684",4.97498735503907,14.6341466024671
"685",-3.3483053904644,6.70094593377662
"686",0.356024224329824,-11.8450580946842
"687",-5.91906751946226,-12.0795558871291
"688",-4.88316653649475,-7.64787886861169
"689",9.34961832869944,19.929553781123
"690",-2.87949160062716,8.1751669910509
"691",-5.09547460958713,-14.7879539592174
"692",-3.24829949827512,-16.5275039127958
"693",7.66966535351593,-2.44539645663999
"694",-0.538935579800044,14.1902216962149
"695",0.847676655285142,-9.8109232681877
"696",5.04129366037946,17.9308648137815
"697",5.88581504220044,-3.5557018541397
"698",4.18838329539548,16.6762186525672
"699",3.34642127572921,-14.2543789864873
"700",-1.21829886931128,1.13292694895701
"701",5.64667957399058,19.5765724284134
"702",-0.207951885846169,6.87246465640126
"703",4.57030161733786,17.0581369745095
"704",2.16495542293585,9.58885256214998
"705",-4.68306904417582,6.81310783891241
"706",-2.91373242981449,9.23734113541457
"707",-0.453268425374193,15.9113468599272
"708",9.78718047345885,19.3349931977535
"709",4.21693703569037,-6.40304102697898
"710",0.578684612819141,9.62038956442976
"711",0.259394923010046,-14.817692308934
"712",-2.79927797722737,2.71645697852695
"713",0.19605813158791,-8.981337950825
"714",2.86897725734758,20.1846072122664
"715",-8.61335904115947,4.74271343771968
"716",7.62562450882987,-2.27121383840648
"717",-0.17599480551222,-0.329866930779127
"718",-0.936583382834904,7.62228479319225
"719",3.01114881198942,9.64577746309428
"720",2.00630516869527,-15.2873916975323
"721",11.5450427313423,26.2742000073573
"722",-3.34457689516438,20.2381828325551
"723",-7.37761076617687,4.26115905910734
"724",4.06590172190004,-7.57698613045031
"725",-4.0427837864209,-8.71358942250465
"726",5.63409064693296,7.50028455211436
"727",4.10781840371116,15.1073413884399
"728",-4.3260173589355,2.26862613217252
"729",0.396576747486607,10.8763822601811
"730",2.53012628305984,6.71878765842659
"731",-14.3650038157303,-28.5768642663756
"732",0.641123157396354,-7.21048108386083
"733",-1.15425354552944,3.27987128649488
"734",-0.386092951566446,3.49905664628202
"735",-2.52948546382564,-13.4230589261996
"736",8.38436551957639,25.0916993581693
"737",8.02831254343294,22.3402304732029
"738",4.56364166583472,-3.64673893067417
"739",4.17044425051635,-1.84523797242234
"740",3.9121350372875,-12.4189000662795
"741",-6.38553562807206,-9.11823105549172
"742",5.54170208784343,-9.16943296990608
"743",-3.31577020884159,9.17206514833008
"744",2.54490647514635,-7.41140350890798
"745",3.46733551233339,-4.8763596805035
"746",-0.348722190100693,4.45795976241919
"747",6.31787793640119,-9.58192832893298
"748",-1.18851252626595,8.8488493027567
"749",-4.4222829541359,-1.20763430678906
"750",5.88738139322058,11.9535880290225
"751",4.5091276292733,-5.91253881440347
"752",2.30956842326323,8.57373219414648
"753",-0.815991974688808,2.6333593982296
"754",5.63765479886076,-2.34285748139287
"755",-4.33377981211242,-7.08614824365326
"756",-4.48638052306825,-16.9404944254633
"757",-1.31722305356983,-8.04012388806341
"758",4.50604842487205,6.22021888521121
"759",-11.1437626506839,-16.8172618718625
"760",-8.87487384292479,0.472916366593102
"761",-1.64824570825797,10.784686352179
"762",-8.40514505098695,-16.974740809831
"763",1.9459829791701,-3.63512485303013
"764",-5.74726399112766,-14.4836296241855
"765",-4.86054870664993,-12.5305444022206
"766",1.62939057147624,16.589536207651
"767",-4.92866371126047,11.1583088240476
"768",10.5120723598012,20.3631222850706
"769",-4.42993837670737,-16.7655701450791
"770",3.26789199096147,-1.83779408825058
"771",-3.36215722153051,-1.01093140326222
"772",6.86327017443965,1.18977095326105
"773",-4.65674809087383,8.44562132591098
"774",-4.53717638630068,3.47079915648474
"775",2.99739942650362,11.9602572427507
"776",8.86845851961058,17.872309136796
"777",3.65465698797351,13.1473161379095
"778",-2.36594172506392,-10.9355374839079
"779",5.50605521321465,10.3419819274563
"780",-11.1475942938858,-22.1139653488389
"781",3.65905486142695,-4.4879894102251
"782",2.58185141986627,14.6563721050938
"783",1.39179985113751,17.9704906279656
"784",1.69127894475287,5.88835551866041
"785",-1.55459092387805,13.6054840217004
"786",-8.5741581667032,-1.03843463920709
"787",13.4182646977993,-3.14174508918563
"788",-2.71429776122964,4.76744254450084
"789",-4.47109450145095,-18.5102414089791
"790",2.71108154398626,9.22386029901297
"791",3.12306894769288,-4.57577450454358
"792",0.629817542708519,14.442150273448
"793",3.74033877228888,15.0664707936757
"794",-1.69644296105701,-13.1131813282696
"795",-0.689408079164352,-15.6968878679866
"796",2.17985292369629,3.8304009230341
"797",-8.75019906167635,-3.98899756798204
"798",2.90231355174683,13.9465150591725
"799",-9.49253004694179,9.30903367018032
"800",6.84884169477311,-7.20927194824376
"801",2.46372977670302,-8.95300859050958
"802",3.03231030410891,-5.57786063588764
"803",-9.64791221910274,-0.352080832992607
"804",3.32618802665884,-8.23193074747793
"805",5.1289577216019,12.5696997470863
"806",4.62201871424272,17.2133526334228
"807",5.11442332740961,-1.60847750708398
"808",2.11362279302322,10.2183141491798
"809",3.97299504704215,13.4848481146874
"810",-1.27473002001147,5.6514999422173
"811",1.68951084996665,21.6319246130174
"812",1.00057731866729,16.2417452458661
"813",-0.933623319901652,9.82223690208067
"814",-15.9607535300497,-23.519591517009
"815",-1.69584322444996,17.2223373663236
"816",3.56425766494592,-10.3918739915388
"817",0.0390272370295639,8.67132943238967
"818",-6.84019223794947,4.77780504907077
"819",0.778608290982892,-9.83543102129855
"820",-3.34015641400642,-15.8854983746457
"821",-2.29411622355443,-11.4061191929344
"822",-1.50230261879561,5.53234703251786
"823",-4.59677342999866,-12.8508638906342
"824",2.44672407285971,8.21675655549444
"825",1.52441710850461,17.0751477301933
"826",-3.14635469446046,-9.84241280510055
"827",3.90756321250914,20.1548094632078
"828",-10.0554551093574,-3.98585130858118
"829",3.36870394742923,-7.52486951494472
"830",-4.65502973139347,10.6393077288102
"831",-0.191165301473394,11.1411354870849
"832",7.62957487432837,17.6803452480136
"833",3.27008723504916,6.47762456440266
"834",-2.95454595400508,10.7123381904868
"835",10.1076924854752,12.4589183037435
"836",-4.87899031132334,0.577170170138065
"837",-3.02828738297433,10.3124589007766
"838",7.29844444251437,21.3764615272392
"839",1.29849301051155,-5.50903607052285
"840",2.24818437388508,-15.3334850465873
"841",-2.69782335183374,8.11584531335468
"842",-1.5015478989804,-9.22789713866736
"843",3.37302426435088,16.3433794705181
"844",4.71746749997965,12.8221588561362
"845",-3.25180109478078,-16.2702805561965
"846",-3.44010805299573,-8.53029171510359
"847",-0.60834368084138,12.0400367370266
"848",1.5164760781607,10.9887697403537
"849",-1.80466975002667,14.6698307344844
"850",7.39479015341698,-7.99059833425726
"851",-4.53378856926373,5.94601694343079
"852",-8.84269885765419,2.0705061383632
"853",1.43444271206789,-7.15853661860993
"854",-7.42608349576623,7.73399144981225
"855",0.887662625036248,-6.4333560200823
"856",1.46093996328866,16.7552774234923
"857",-7.70502419426024,-13.0194560536215
"858",1.79732656520232,-5.06184156724792
"859",-4.4920608895325,9.97668703201848
"860",-4.33671737209226,8.99198466940441
"861",-5.34219394717803,2.01135406578176
"862",-6.57038893747044,-16.1723087906957
"863",5.85181584878495,-4.37545276075382
"864",-1.94095340411864,-5.00092205581441
"865",-6.75485572759347,-16.2701052826855
"866",2.42584312605023,-12.5945637205406
"867",-0.426109919677075,-15.5031971516211
"868",8.5808338623365,-1.01469329849232
"869",-4.74427151768708,5.71882045107771
"870",7.91901392537454,-5.02975501885908
"871",3.86749015625629,-5.67904178269945
"872",3.46418055376258,13.6268616953348
"873",-15.9325661995356,-31.192157337178
"874",-0.328035124737851,14.1108512981058
"875",-0.0205255105980441,-11.7891650745531
"876",7.81042346840813,18.4222416807587
"877",-0.0729143561663719,-16.3349743414462
"878",0.58404772492204,-2.53322578348481
"879",-1.28845456664509,-13.2397251840352
"880",-1.55958125982862,-14.8232007734775
"881",-1.92021110309686,11.9542511157467
"882",-10.1567507864225,-16.0453177589544
"883",2.26437803732398,9.42411562236599
"884",2.06617258414456,-7.14134237415426
"885",1.57199838051505,-8.04044479748129
"886",1.92792425972946,11.3523877833051
"887",7.16802603589861,14.6759306070763
"888",-2.71371847370249,1.67545171484281
"889",-2.5934795992874,13.6537666514113
"890",-5.3692109193815,5.21072453304204
"891",3.26282158703684,-5.22671731155231
"892",4.09007306606068,14.9971344637393
"893",-3.16203667324238,-19.6155746077932
"894",-3.51634172138628,4.48761966817762
"895",9.07007079383745,1.70030017295026
"896",4.43587955547062,22.3528936057996
"897",-4.18548488712016,-11.0751156377291
"898",-4.08504356267053,8.00509334488496
"899",5.23220433209907,-4.98522774838718
"900",-3.08296989271536,-18.49570605435
"901",3.91085261033188,-6.46962482585467
"902",-2.27986782099534,7.48756862207228
"903",-6.88854418590366,9.358702064795
"904",4.81946828362373,11.4069492810796
"905",-1.16291820170567,9.59294202027665
"906",9.28519471208187,2.86890159035991
"907",-3.79742550158921,10.1962969850039
"908",4.68109036774484,-4.40708611163822
"909",2.56211815637484,-2.07758924653406
"910",3.37700056110024,-8.37032408032493
"911",3.20237300635104,8.35252133564713
"912",-0.445122415675142,7.55883897388876
"913",5.30197379237104,18.6252259468516
"914",-0.446243059212253,12.5432413985802
"915",-8.96598562378413,-15.0570276557132
"916",-4.5510238213638,-18.0624805734814
"917",-0.0282237120025526,-11.882440571477
"918",3.98294646805672,-10.1859462887192
"919",-2.79049267892679,3.58983866377199
"920",7.77922416379447,20.2335191300271
"921",-2.70971792339099,-14.2678366975278
"922",-0.920712835513782,15.3265334151849
"923",-0.525305413939853,-17.3388968781168
"924",-8.77802135801039,3.5744994192829
"925",2.48320974877518,-8.17613732861206
"926",2.78564989605085,13.936069908216
"927",-3.20166705774654,10.1612858846512
"928",-2.79961424225857,4.21626172586017
"929",0.927010197947957,5.68821169164228
"930",4.28970551692808,-6.96955159242751
"931",-3.05119295743293,-8.84631076748373
"932",0.603809799369949,14.2844284940149
"933",-3.39686740410378,-11.6957304463519
"934",1.3529033499005,-6.68954103644354
"935",3.50695406997396,-4.0518839169853
"936",0.63966322911343,12.9770976581385
"937",-0.568773609915066,14.0966528912723
"938",1.05838271092364,12.5947671736479
"939",-0.555942876489733,9.17185251156915
"940",-4.11785513863829,-12.4615503314752
"941",-12.0374883671879,-19.3601469586477
"942",-4.3075098787796,-0.935252768110669
"943",0.191945868379944,-11.7121189092999
"944",7.83193973166447,14.9158797651991
"945",0.560038317112063,-5.32852865541981
"946",0.0271065141630356,8.84829726147618
"947",3.82357117102749,5.43058901526961
"948",-10.891170969185,-23.1385465448084
"949",3.42487459548481,-13.7565709064716
"950",11.1146283308674,4.42389595626596
"951",1.45405230028166,15.1346709949266
"952",-2.89046954763514,-28.3288148619077
"953",-6.14513869283177,-17.4043958021874
"954",-5.67720314010523,-11.146725373763
"955",-1.15550159720268,-10.1098098062714
"956",-5.2739604075316,-6.59913674538499
"957",-6.02312318182823,-15.1399965327848
"958",9.10961259413144,-1.71440392088466
"959",0.952179535603889,7.96805550372263
"960",7.18361407129286,16.004804818606
"961",8.27974161269415,-0.209797285895
"962",1.93380914486987,5.21860874410559
"963",-1.13895198511614,-12.7818398374665
"964",-3.05672548221006,9.67608711238731
"965",-3.55515836776229,8.37338452776046
"966",3.90492356935807,16.6225339821695
"967",6.85583652880482,14.2562055113994
"968",0.0998722911641575,6.48020363386294
"969",-1.50870946275407,-11.6278728184539
"970",12.7874270631027,20.7556257933107
"971",2.16637041325476,22.1087841763055
"972",5.09227977895684,10.4087365971772
"973",-8.44572287738773,-22.5509373460713
"974",-9.29637167926509,2.0183153592415
"975",5.88937205843784,16.9440306501159
"976",-4.04805655188344,-12.0960988713854
"977",-6.65392262076202,-18.5164681688527
"978",5.49841581664858,-6.79788993143326
"979",2.97330532465974,-10.2994619735503
"980",3.84722019440525,12.3143395110109
"981",1.61719981438432,13.1178896624546
"982",0.113985837001199,10.0765839475979
"983",8.28840507820579,13.4156392025908
"984",3.43509281995287,-7.53127823500018
"985",4.56883500929165,6.00346455942573
"986",1.77786689904113,7.01289528077216
"987",-2.83263407341201,-12.1127280402989
"988",-3.04201054238125,4.38851547609349
"989",-4.2065709432131,3.0043665492233
"990",-4.97597480604773,0.600528300812642
"991",-6.53513043336058,-0.0223516783338757
"992",0.529684525705296,9.87747473522318
"993",4.25183983697014,17.678451047118
"994",7.60281758218279,-3.63491454997889
"995",7.05315152115544,2.41344411824653
"996",-3.95132586430648,-15.5094446384433
"997",-1.73338772152245,-7.36681637391736
"998",1.39231808410529,-12.0987641038779
"999",-2.08646518890335,-10.4055722480865
"1000",-5.45978070871551,-0.932963849373458
